firstName,lastname,email,mobile
Frank,King,frank.king@flentas.com,9000000035
Joseph,Hill,joseph.hill@flentas.com,9000000036
Steven,Evans,steven.evans@flentas.com,9000000037
Charles,Roberts,charles.roberts@flentas.com,9000000038
George,Green,george.green@flentas.com,9000000039
Thomas,Harris,thomas.harris@flentas.com,9000000040
Paul,Nelson,paul.nelson@flentas.com,9000000041
Kevin,Carter,kevin.carter@flentas.com,9000000042
Timothy,Rodriguez,timothy.rodriguez@flentas.com,9000000043
Jeffrey,Phillips,jeffrey.phillips@flentas.com,9000000044
Edward,Collins,edward.collins@flentas.com,9000000045
Brian,Cook,brian.cook@flentas.com,9000000046
Donald,Mitchell,donald.mitchell@flentas.com,9000000047
Ronald,Stewart,ronald.stewart@flentas.com,9000000048
Henry,Turner,henry.turner@flentas.com,9000000049
Anthony,Walker,anthony.walker@flentas.com,9000000050
Larry,Campbell,larry.campbell@flentas.com,9000000051
Richard,Parker,richard.parker@flentas.com,9000000052
Daniel,Collins,daniel.collins@flentas.com,9000000053
Scott,Morris,scott.morris@flentas.com,9000000054
